{
    "cofvsload": {
	    "pressure": [
	    	0.0923694779116457,
	    	0.200803212851405,
	    	0.301204819277108,
	    	0.497991967871486,
	    	0.694779116465863,
	    	1.0,
	    	1.24497991967871,
	    	1.49799196787149,
	    	1.75502008032129,
	    	1.99598393574297,
	    	2.24497991967872,
	    	2.49397590361446,
	    	2.74698795180723,
	    	2.99598393574297,
	    	3.24899598393574,
	    	3.49799196787149,
	    	3.74698795180723,
	    	3.99598393574297,
	    	4.24497991967872,
	    	4.49799196787149,
	    	4.7429718875502,
	    	4.99598393574297
	    ],
	    "cof": [
	    	0.480834914611006,
	    	0.273624288425048,
	    	0.154648956356736,
	    	0.113092979127135,
	    	0.0920303605313094,
	    	0.0664136622390892,
	    	0.0709677419354838,
	    	0.0618595825426944,
	    	0.0607210626185958,
	    	0.0578747628083491,
	    	0.0538899430740036,
	    	0.0493358633776089,
	    	0.0533206831119542,
	    	0.0533206831119542,
	    	0.0453510436432636,
	    	0.0561669829222013,
	    	0.0555977229601518,
	    	0.00891840607210617,
	    	0.0134724857685009,
	    	0.00721062618595808,
	    	0.0100569259962048,
	    	0.00777988614800772
	    ]
    },
    "cofvsvelocity": {
        "velocity_0.5GPa": [
            10.0858369098712,
            20.0643776824034,
            30.0429184549356,
            40.0214592274678,
            50,
            59.9785407725322,
            70.1180257510729,
            79.9356223175966,
            90.0751072961374,
            100.05364806867,
            150.107296137339,
            200
        ],
        "cof_0.5GPa": [
            0.112407732864675,
            0.113198594024605,
            0.124428822495606,
            0.128699472759227,
            0.132179261862917,
            0.135817223198594,
            0.139613356766257,
            0.0306326889279438,
            0.0258875219683656,
            0.0130755711775044,
            0.0292091388400703,
            0.0436028119507908
        ],
        "velocity_1.0GPa": [
            10.0858369098712,
            20.0643776824034,
            30.0429184549356,
            40.0214592274678,
            50,
            59.9785407725322,
            70.118025751073,
            79.9356223175966,
            100.05364806867,
            149.94635193133,
            200
        ],
        "cof_1.0GPa": [
            0.0712829525483304,
            0.06701230228471,
            0.0766608084358524,
            0.0810896309314587,
            0.0818804920913884,
            0.0208260105448154,
            0.0107029876977153,
            0.0168717047451669,
            0.0162390158172232,
            0.0233567662565905,
            0.0214586994727592
        ],
        "velocity_1.5GPa": [
            10.0858369098713,
            20.0643776824034,
            30.0429184549356,
            40.1824034334764,
            50,
            59.9785407725322,
            70.118025751073,
            79.9356223175966,
            100.05364806867,
            149.94635193133,
            199.839055793991
        ],
        "cof_1.5GPa": [
            0.0603690685413005,
            0.0621089630931459,
            0.0646397188049209,
            0.0668541300527241,
            0.0412302284710018,
            0.0137873462214411,
            0.0149736379613356,
            0.00374340949033389,
            0.0119683655536027,
            0.00959578207381367,
            0.0111775043936731
        ]
    }
}