{
	"reaxff_comparison_ac": {
		"x": [
			151.03626943005182,
			202.33160621761658,
			252.59067357512953,
			303.36787564766837,
			354.14507772020727,
			404.40414507772016
		],
		"y": [
			63.61904761904762,
			72.38095238095238,
			81.33333333333333,
			88.95238095238095,
			98.85714285714286,
			104.57142857142857
		]
	},
	"serpini_et_al": {
		"x": [
			0.0,
			113.83399209486166,
			227.6679841897233,
			341.501976284585,
			455.3359683794466,
			569.1699604743083,
			683.00395256917,
			796.8379446640316,
			910.6719367588933,
			1024.505928853755
		],
		"y": [
			4.010416666666667,
			5.572916666666667,
			5.885416666666667,
			7.8125,
			8.541666666666668,
			11.875,
			13.4375,
			13.020833333333334,
			14.947916666666668,
			16.40625
		]
	}
}