{
  "materials": [
    "GaS", "GaSe", "InSe", "b_InP", "b_SnSb", "b_SnSe", "antimonene",
    "b_arsenene", "b_bismuthene", "black_phosphorus", "blue_phosphorus",
    "h_MoS2", "h_MoSe2", "h_MoTe2", "h_NbSe2", "h_WS2", "h_WSe2", "h_WTe2",
    "p_GeS", "p_GeSe", "p_SnTe", "p_arsenene", "t_CoTe2", "t_HfS2", "t_HfSe2",
    "t_IrTe2", "t_NbSe2", "t_NiO2", "t_NiTe2", "t_PdTe2", "t_PtS2", "t_PtSe2",
    "t_PtTe2", "t_ReS2", "t_RhTe2", "t_SnS2", "t_SnSe2", "t_TaTe2", "t_TiS2",
    "t_ZrS2", "t_ZrSe2"
  ],
  "tribIndex": [
    0.002120412766, 0.0004169130941, 0.002913599765, 0.005143153749,
    0.003955098811, 0.005724127425, 0.004575611141, 0.002310276638,
    0.004635170697, 0.001032023287, 0.001367620531, 0.0002746183012,
    0.0002864328291, 0.0004034006394, 0.0003701935661, 0.0002391572276,
    0.0002608744101, 0.0003797599279, 0.002451989774, 0.002599037104,
    0.003379566091, 0.001810636227, 0.002536376399, 0.001375475328,
    0.001766483197, 0.004576847414, 0.00173837473, 0.0009654445916,
    0.001098581042, 0.003102966416, 0.003363724679, 0.003677070427,
    0.00360246598, 0.0005116340845, 0.004411178646, 0.003955098811,
    0.005724127425, 0.002047734258, 0.001501330575, 0.001434954005,
    0.001989849474
  ],
  "dev": [
    5.82e-05, 6.64e-06, 7.95e-05, 0.0006838100033, 0.0001005643648,
    0.0002633796727, 0.0001798575962, 0.0001866945788, 0.0003996124145,
    6.73e-05, 8.88e-05, 4.82e-06, 4.32e-06, 6.97e-06, 1.21e-05, 4.10e-06,
    4.25e-06, 3.62e-06, 0.0001586860088, 4.05e-05, 0.0001939931825,
    0.0001725404594, 0.0001181100813, 3.32e-05, 2.99e-05, 0.0001157510405,
    2.39e-05, 3.16e-05, 2.87e-05, 0.0001717528344, 7.87e-05, 9.76e-05,
    0.0001134772312, 2.11e-05, 0.0005680690831, 0.0001005643648,
    0.0002633796727, 3.29e-05, 4.51e-05, 2.90e-05, 4.41e-05
  ]
}
